age,mx
0,0.001
1,0.000216657413534992
5,0.000298364939528254
10,0.000445108185698494
15,0.000664023384547309
20,0.00297181945463707
25,0.00443343365935839
30,0.00661390582838496
35,0.00328892935421941
40,0.00490650603942187
45,0.0073196468887356
50,0.0109196300066288
55,0.0162901737329936
60,0.024302083503747
65,0.0362544483750302
70,0.1
75,0.080685758698547
80,0.120369007574416
85,0.0897847291650418
90,0.133943076439442
